Feature,chi2,p_value,Cramer's V,Significant (p<0.05)
ZONE,191.6,4.611178964878029e-25,0.327,YES
PAYMENT_MODE,81.2,9.910473347166814e-17,0.213,YES
IS_TEAM,56.4,5.821008042330126e-14,0.178,YES
EARLY_NON,37.9,7.380760113260051e-10,0.146,YES
INCOME_BAND,19.5,0.0006261752370578686,0.104,YES
MEDICAL_NONMED,17.1,3.614079055709635e-05,0.098,YES
AGE_BAND,8.5,0.07586457778282708,0.069,no
PI_GENDER,2.0,0.15824281288111677,0.033,no
IS_SENIOR,0.0,0.9312714834877319,0.002,no
